player,xt_sum,most_common_position,overall_position,xt_pass
Rodrigo Hernández Cascante,2.888171918,Right Center Back,Back,1.69433561
Joško Gvardiol,2.416978948,Left Center Back,Back,1.843706069
Josip Juranović,2.101819743,Right Back,Back,1.474122213
Marcos Aoás Corrêa,2.101752129,Right Center Back,Back,1.525442571
Harry Maguire,1.984844304,Left Center Back,Back,1.501503468
Aymeric Laporte,1.885568561,Left Center Back,Back,1.206793269
Luke Shaw,1.841219746,Left Back,Back,1.326270494
Antonee Robinson,1.82752529,Left Back,Back,0.798448741
Borna Sosa,1.782480935,Left Back,Back,0.993596081
Thiago Emiliano da Silva,1.764114215,Left Center Back,Back,1.580945135
Achraf Hakimi Mouh,1.681253299,Right Back,Back,0.967519239
Sergino Dest,1.678782572,Right Back,Back,0.691656466
Dejan Lovren,1.630406422,Right Center Back,Back,1.405250269
Dayotchanculle Upamecano,1.600931152,Left Center Back,Back,1.250746948
John Stones,1.581139358,Right Center Back,Back,1.166459111
Nicolás Hernán Otamendi,1.554848614,Left Center Back,Back,1.211463391
Nathan Aké,1.514648597,Left Center Back,Back,0.95503735
Joachim Andersen,1.487200812,Right Center Back,Back,1.260916803
Virgil van Dijk,1.482129177,Center Back,Back,1.318847171
Theo Bernard François Hernández,1.481260766,Left Back,Back,0.916655879
Youssouf Sabaly,1.380005522,Right Back,Back,0.896787944
Raphaël Adelino José Guerreiro,1.375570671,Left Back,Back,0.703610169
Pervis Josué Estupiñán Tenorio,1.328182224,Left Back,Back,0.86391149
Kléper Laveran Lima Ferreira,1.314641673,Right Center Back,Back,1.141043275
Young-Gwon Kim,1.311467694,Left Center Back,Back,1.190497429
Niklas Süle,1.247625761,Right Center Back,Back,0.988548083
Manuel Obafemi Akanji,1.225188618,Right Center Back,Back,0.9716966
Kamal Miller,1.193008832,Left Center Back,Back,1.058917488
Ibrahima Konaté,1.149564801,Left Center Back,Back,0.894148545
Daley Blind,1.121059915,Left Wing Back,Back,1.004587781
Ramin Rezaeian,1.119442128,Right Back,Back,0.751367726
Abdou Diallo,1.116587553,Left Center Back,Back,0.842282555
Yahia Attiyat allah,1.107203745,Left Back,Back,0.827978985
Matty Cash,1.105881292,Right Back,Back,0.765461779
Jurriën David Norman Timber,1.104308307,Right Center Back,Back,0.782131641
Strahinja Pavlović,1.100564002,Left Center Back,Back,0.756634985
Cristian Gabriel Romero,1.095251288,Right Center Back,Back,0.804632024
Tim Ream,1.0805308,Left Center Back,Back,0.77056191
Ismail Jakobs,1.075277238,Left Back,Back,0.853137834
Antonio Rüdiger,1.07045847,Left Center Back,Back,0.868894103
Jordi Alba Ramos,1.058795627,Left Back,Back,0.718915676
Silvan Widmer,1.049555699,Right Back,Back,0.702145551
Éder Gabriel Militão,1.045423701,Right Back,Back,0.971579754
César Jasib Montes Castro,1.043310726,Right Center Back,Back,0.799322695
Saud Abdullah Abdul Hamid,1.037587827,Right Back,Back,0.530543219
Filip Kostić,1.03581253,Left Wing Back,Back,0.485647832
Abdelkarim Hassan Al Haj Fadlalla,1.032061562,Left Center Back,Back,0.514950384
Toby Alderweireld,1.025602303,Right Center Back,Back,0.884939907
Kaoru Mitoma,1.024332659,Left Wing Back,Back,0.483971098
Ngoran Suiru Fai Collins,1.014648824,Right Back,Back,0.668496904
Tajon Buchanan,1.000457648,Right Wing Back,Back,0.267570389
Alistair Johnston,0.995771132,Right Back,Back,0.791505442
Nahuel Molina Lucero,0.950060681,Right Back,Back,0.430368957
Pau Francisco Torres,0.949794511,Left Center Back,Back,0.503820975
César Azpilicueta Tanco,0.940244735,Right Back,Back,0.675983601
Min Jae Kim,0.924345767,Right Center Back,Back,0.671004197
Romain Saïss,0.920247862,Left Center Back,Back,0.757932447
Jakub Piotr Kiwior,0.916493501,Left Center Back,Back,0.786774941
José María Giménez de Vargas,0.911807686,Left Center Back,Back,0.772459958
Rúben Santos Gato Alves Dias,0.905099453,Left Center Back,Back,0.732099269
Andreas Christensen,0.877075821,Left Center Back,Back,0.687870763
Boualem Khoukhi,0.876271236,Center Back,Back,0.723204567
Jin-Su Kim,0.875121092,Left Back,Back,0.636793334
Raphaël Varane,0.872934302,Right Center Back,Back,0.556422971
Fran Karačić,0.860093292,Right Back,Back,0.751367152
Ricardo Iván Rodríguez Araya,0.848310577,Left Back,Back,0.536316388
Denzel Dumfries,0.840544406,Right Wing Back,Back,0.276595294
Andrija Živković,0.823612315,Right Wing Back,Back,0.457627876
Héctor Alfredo Moreno Herrera,0.818070999,Left Center Back,Back,0.816613071
Abdulelah Al Amri,0.815487977,Right Center Back,Back,0.679358968
Marcos Javier Acuña,0.79118655,Left Back,Back,0.084089128
Angelo Smit Preciado Quiñónez,0.789968882,Right Back,Back,0.670112925
Harry Souttar,0.763619277,Right Center Back,Back,0.719973548
Richie Laryea,0.752586133,Right Wing Back,Back,0.392376685
João Pedro Cavaco Cancelo,0.751612281,Left Back,Back,0.226369642
Jules Koundé,0.746591298,Right Back,Back,0.43483335
Moon-Hwan Kim,0.735937456,Right Back,Back,0.697064525
Nico Schlotterbeck,0.729097037,Left Center Back,Back,0.411551503
Ben Davies,0.719188424,Left Center Back,Back,0.559618617
Kalidou Koulibaly,0.712197557,Right Center Back,Back,0.582015128
Mohamed Salisu,0.70892797,Left Center Back,Back,0.563523909
Maya Yoshida,0.687762381,Center Back,Back,0.550135875
David Raum,0.67936868,Left Back,Back,0.461258363
Mathías Olivera Miramontes,0.661153095,Left Back,Back,0.459815676
Steven de Sousa Vitoria,0.660777543,Right Center Back,Back,0.494774992
Guillermo Varela Olivera,0.657976647,Right Back,Back,0.416609154
Nemanja Radonjić,0.65066712,Right Wing Back,Back,0.259557347
Chris Mepham,0.639190452,Right Center Back,Back,0.521742464
Aziz Eraltay Behich,0.636012882,Left Back,Back,0.19683113
Rasmus Nissen Kristensen,0.632140443,Right Wing Back,Back,0.433618472
Lisandro Martínez,0.626334469,Left Center Back,Back,0.522550629
Daniel Amartey,0.620418172,Right Center Back,Back,0.510246685
Montassar Omar Talbi,0.613970864,Left Center Back,Back,0.530331875
Danilo Luiz da Silva,0.592756267,Left Back,Back,0.330271892
José Diogo Dalot Teixeira,0.588024092,Right Back,Back,0.257346902
Felix Eduardo Torres Caicedo,0.579785556,Right Center Back,Back,0.470776181
Alex Sandro Lobo Silva,0.577046175,Left Back,Back,0.437832943
Piero Martín Hincapié Reyna,0.561516692,Left Center Back,Back,0.444079966
Walker Zimmerman,0.560783022,Right Center Back,Back,0.476536237
Ali Maâloul,0.560125417,Left Wing Back,Back,0.517477002
Neco Williams,0.551108203,Left Wing Back,Back,0.197680486
Yassine Meriah,0.544390624,Center Back,Back,0.468601039
Kieran Trippier,0.540964001,Right Back,Back,0.536756574
Sebastián Coates Nión,0.532538253,Left Center Back,Back,0.425477871
Daniel Alves da Silva,0.523793515,Right Back,Back,0.419925352
Yuto Nagatomo,0.517977798,Left Back,Back,0.324140265
Nikola Milenković,0.515580999,Right Center Back,Back,0.420883852
Thomas Meunier,0.515126588,Right Back,Back,0.212149567
Bartosz Bereszyński,0.502675183,Left Back,Back,0.311578624
Morteza Pouraliganji,0.492042235,Left Center Back,Back,0.398686393
Timothy Castagne,0.468220497,Left Back,Back,0.409479819
Miloš Degenek,0.468059122,Right Back,Back,0.430736895
Connor Roberts,0.467470252,Right Wing Back,Back,0.489387816
Jan Vertonghen,0.466286963,Left Center Back,Back,0.463193691
Nayef Aguerd,0.464200554,Right Center Back,Back,0.42827521
Eduardo Camavinga,0.462260894,Left Back,Back,0.28835981
Abdul Rahman Baba,0.449984122,Left Back,Back,0.319448532
Kyle Walker,0.445776862,Right Back,Back,0.371403281
Sultan Abdullah Salim Al Ghannam,0.439554305,Right Back,Back,0.310417158
Milad Mohammadi,0.437900271,Left Back,Back,0.237557701
Ali Abdi,0.432561612,Left Wing Back,Back,0.212355937
Ko Itakura,0.424443075,Right Center Back,Back,0.270646145
Alidu Seidu,0.41730006,Right Back,Back,0.166579606
Hiroki Sakai,0.416963339,Right Wing Back,Back,0.360116901
Wajdi Kechrida,0.40609105,Right Wing Back,Back,0.062311424
Diego Roberto Godín Leal,0.404950392,Right Center Back,Back,0.350825543
Pedro Miguel Correia,0.389017511,Right Center Back,Back,0.284518049
Jorge Eduardo Sánchez Ramos,0.385696354,Right Back,Back,0.295632017
Nico Elvedi,0.385056658,Left Center Back,Back,0.212953079
Bassam Hisham Al Rawi,0.36218445,Right Center Back,Back,0.310021098
Fabian Lukas Schär,0.35939956,Right Center Back,Back,0.28944376
Jawad El Yamiq,0.359042862,Left Center Back,Back,0.29770598
Junya Ito,0.356435058,Right Wing Back,Back,-0.038941399
Takehiro Tomiyasu,0.355812312,Right Center Back,Back,0.272051135
Nuno Mendes,0.341038512,Left Back,Back,0.20937033
Simon Thorup Kjær,0.338991476,Center Back,Back,0.306663222
Jesús Daniel Gallardo Vasconcelos,0.33174647,Left Back,Back,0.161583945
Néstor Alejandro Araújo Razo,0.329306397,Right Center Back,Back,0.283629677
Danilo Luís Hélio Pereira,0.323913008,Left Center Back,Back,0.3017814
Jean-Charles Castelletto,0.320141179,Right Center Back,Back,0.245542574
Victor Nelsson,0.317273601,Left Center Back,Back,0.240594505
Achraf Dari,0.313747566,Right Center Back,Back,0.276340771
Shogo Taniguchi,0.302653784,Left Center Back,Back,0.261328203
Kye Rowles,0.301422032,Left Center Back,Back,0.301709914
Ismaeel Mohammad Mohammad,0.29075604,Right Wing Back,Back,0.030213863
Francisco Javier Calvo Quesada,0.279197405,Left Center Back,Back,0.230643516
Bryan Oviedo,0.273701954,Left Wing Back,Back,0.096080872
Kamil Glik,0.272447046,Right Center Back,Back,0.269541557
Milos Veljkovic,0.271722669,Center Back,Back,0.205704721
Joe Rodon,0.264589965,Center Back,Back,0.207097113
Sam Adekugbe,0.260598084,Left Back,Back,0.156975506
Borna Barišić,0.25680679,Left Back,Back,0.152215159
Joakim Mæhle,0.256711809,Left Wing Back,Back,-0.02191773
Alexander Hartmann Bah,0.242732062,Right Back,Back,0.057749715
Ronald Alberto Matarrita Ulate,0.239876487,Left Wing Back,Back,0.081741106
Mohammed Al Burayk,0.239638057,Left Back,Back,0.183871807
Seyed Majid Hosseini,0.239526038,Right Center Back,Back,0.206688524
Cameron Carter-Vickers,0.238357099,Right Center Back,Back,0.183953435
Ali Albulayhi,0.236697822,Left Center Back,Back,0.140943263
Lukas Klostermann,0.23516748,Right Back,Back,0.150641076
Noussair Mazraoui,0.230196745,Left Back,Back,0.138508739
Edimilson Fernandes,0.228176189,Right Back,Back,0.143775682
Nouhou Tolo,0.222952567,Left Back,Back,0.158219366
Miki Yamane,0.222585272,Right Back,Back,0.144690986
Nicolás Alejandro Tagliafico,0.214763475,Left Back,Back,0.062900694
Youstin Delfin Salas Gómez,0.208844806,Right Wing Back,Back,0.15842112
Alphonso Davies,0.200946522,Left Wing Back,Back,-0.260315589
Gonzalo Ariel Montiel,0.19152191,Right Back,Back,0.066438472
Mohamed Dräger,0.190763974,Right Wing Back,Back,0.112206606
Matthijs de Ligt,0.18701146,Right Center Back,Back,0.154712023
Keysher Fuller Spence,0.18446772,Right Wing Back,Back,0.049501796
Tariq Lamptey,0.175061068,Right Back,Back,-0.009997922
Eray Ervin Cömert,0.175041398,Left Center Back,Back,0.127321715
Óscar Esau Duarte Gaitán,0.170560436,Right Center Back,Back,0.160737208
Benjamin Pavard,0.164714496,Right Back,Back,0.100954202
Gideon Mensah,0.159923268,Left Back,Back,0.154560263
Pape Abou Cissé,0.141438014,Left Center Back,Back,0.151768387
Shaquell Moore,0.140280571,Right Back,Back,0.070699611
Kendall Jamaal Waston Manley,0.132512507,Center Back,Back,0.127132066
Josip Šutalo,0.132403767,Right Center Back,Back,0.120703586
António João Pereira Albuquerque Tavares Silva,0.129729269,Left Center Back,Back,0.102698313
Nicolas Alexis Julio N'Koulou Ndoubena,0.129129415,Left Center Back,Back,0.145439238
Yasir Gharsan Al Shahrani,0.12762249,Left Back,Back,0.128391363
Dylan Daniel Mahmoud Bronn,0.124411301,Right Center Back,Back,0.08581127
Germán Alejandro Pezzella,0.119001219,Right Center Back,Back,0.12806773
Kevin Nahin Álvarez Campos,0.114623035,Right Wing Back,Back,-0.005172386
José Martín Cáceres Silva,0.112418756,Right Back,Back,0.091174611
Enzo Ebosse,0.111525854,Left Center Back,Back,0.089038981
Leander Dendoncker,0.10737228,Right Center Back,Back,0.039850102
Hiroki Ito,0.106484354,Left Center Back,Back,0.074979287
Eric Dier,0.104052962,Left Center Back,Back,0.086499858
Alex Nicolao Telles,0.102222965,Left Back,Back,0.143546695
Jackson Gabriel Porozo Vernaza,0.101213309,Right Center Back,Back,0.083358172
DeAndre Yedlin,0.101091215,Right Back,Back,0.052240663
William Saliba,0.10027803,Right Center Back,Back,0.093448912
Chul Hong,0.097457159,Left Back,Back,0.091515702
Gleison Bremer Silva Nascimento,0.096099714,Left Center Back,Back,0.099885464
Daniel Carvajal Ramos,0.09598427,Right Back,Back,0.002807577
Axel Disasi,0.095380982,Right Back,Back,0.047131856
Juan Pablo Vargas Campos,0.086876024,Left Center Back,Back,0.080475993
Thilo Kehrer,0.085559405,Right Back,Back,0.075036213
Mohammad Hossein Kanani Zadegan,0.08411964,Right Center Back,Back,0.078658462
Hassan Mohammed Al-Tambakti,0.078178369,Right Center Back,Back,0.057225939
Srđan Babić,0.077994246,Left Center Back,Back,0.054952389
Badr Banoun,0.071562767,Right Center Back,Back,0.043347763
Stefan Mitrović,0.071353035,Left Center Back,Back,0.057273104
Kyung-Won Kwon,0.068261334,Right Center Back,Back,0.054351832
Jan Bednarek,0.063931031,Left Center Back,Back,0.060571312
Sadegh Moharrami,0.060369,Right Wing Back,Back,0.019973889
Christopher Wooh,0.059407312,Right Center Back,Back,0.03063492
Bailey Wright,0.058415594,Right Center Back,Back,0.058390536
Mohammed Waed Abdulwahhab Al Bayati,0.056774437,Left Center Back,Back,0.031529364
Nader Ghandri,0.036419279,Center Back,Back,0.026218345
Alexander Djiku,0.035548641,Center Back,Back,0.040515922
Trent Alexander-Arnold,0.031986199,Right Back,Back,0.016079635
Alejandro Balde Martínez,0.031936975,Left Back,Back,-0.154826418
Matthias Ginter,0.025497399,Center Back,Back,0.025086295
Juan Marcos Foyth,0.022829516,Right Wing Back,Back,-0.030471861
Matías Nicolás Viña Susperreguy,0.021904946,Left Back,Back,-0.013762441
Abdullah Mohammed Madu,0.020304127,Left Center Back,Back,0.023112578
Artur Jędrzejczyk,0.019448817,Left Back,Back,0.031234814
Marcos Llorente Moreno,0.017216412,Right Back,Back,-0.076614744
Tarek Salman Salman,0.015498363,Right Center Back,Back,-0.002197047
Denis Odoi,0.01503143,Right Back,Back,0.01503143
Robert Skov,0.011363373,Left Back,Back,-0.003481169
Lucas Hernández Pi,0.005705294,Left Back,Back,0.005705294
Nathaniel Atkinson,0.003659538,Right Back,Back,0.045915245
Roozbeh Cheshmi,0.001681716,Center Back,Back,0.003264381
Fodé Ballo Touré,0.000493437,Left Back,Back,0.004183011
Filip Mladenović,-0.002723544,Left Wing Back,Back,-0.025520822
Carlos Manuel Martínez Castro,-0.006405422,Right Back,Back,-0.022553345
Darko Lazović,-0.01412506,Right Wing Back,Back,-0.019398909
Mosaab Khoder Jibril,-0.014593974,Right Wing Back,Back,-0.014593974
Abolfazl Jalali,-0.017329486,Left Back,Back,-0.104900705
Filip Đuričić,-0.025455958,Left Wing Back,Back,-0.025455958
Josip Stanišić,-0.026207839,Right Back,Back,-0.033610266
Homam Alamin Ahmed,-0.127883678,Left Wing Back,Back,-0.273053217
Lionel Andrés Messi Cuccittini,3.866414863,Right Center Forward,Forward,2.048275064
Cody Mathès Gakpo,1.364305962,Right Center Forward,Forward,0.826466675
Harry Kane,0.86588555,Center Forward,Forward,0.557911524
Akram Hassan Afif,0.740088953,Left Center Forward,Forward,0.408573556
Julián Álvarez,0.707206523,Left Center Forward,Forward,-0.330258433
Gareth Frank Bale,0.553872437,Right Center Forward,Forward,0.413559227
Joel Nathaniel Campbell Samuels,0.458304406,Center Forward,Forward,0.317670341
Jean-Eric Maxim Choupo-Moting,0.435592203,Center Forward,Forward,0.100334639
Cyle Larin,0.422335321,Center Forward,Forward,0.252350791
Kai Havertz,0.380755281,Center Forward,Forward,0.198886726
Marko Livaja,0.353104192,Center Forward,Forward,0.076049117
Olivier Giroud,0.347396832,Center Forward,Forward,0.106177632
Memphis Depay,0.344124427,Left Center Forward,Forward,-0.263209918
Darwin Gabriel Núñez Ribeiro,0.304580992,Left Center Forward,Forward,-0.222913498
Takuma Asano,0.269528955,Center Forward,Forward,-0.005799347
Sardar Azmoun,0.26767795,Center Forward,Forward,0.063924468
Abderrazak Hamdallah,0.252752324,Center Forward,Forward,-0.02269414
Leandro Trossard,0.249909359,Center Forward,Forward,0.008358263
Wahbi Khazri,0.249484524,Center Forward,Forward,0.110433788
Gonçalo Matias Ramos,0.24711495,Center Forward,Forward,-0.056991861
Kasper Dolberg,0.224506464,Left Center Forward,Forward,0.131007887
Richarlison de Andrade,0.213792346,Center Forward,Forward,-0.065871955
Walid Cheddira,0.211253993,Center Forward,Forward,0.03602028
Robert Lewandowski,0.210872003,Center Forward,Forward,0.117895927
Lautaro Javier Martínez,0.209847064,Left Center Forward,Forward,-0.171206048
Breel-Donald Embolo,0.199374793,Center Forward,Forward,-0.09391395
Iñaki Williams Arthuer,0.18854617,Center Forward,Forward,-0.003702033
Callum Wilson,0.175183261,Center Forward,Forward,0.057203792
Edinson Roberto Cavani Gómez,0.170056285,Right Center Forward,Forward,0.037419806
Niclas Füllkrug,0.1690335,Right Center Forward,Forward,0.000647366
Luis Alberto Suárez Díaz,0.160535142,Right Center Forward,Forward,0.047176264
Gabriel Fernando de Jesus,0.14799724,Center Forward,Forward,0.032420104
Haris Seferović,0.14627251,Center Forward,Forward,-0.001433873
Xavi Simons,0.142270425,Left Center Forward,Forward,0.075265318
Raúl Alonso Jiménez Rodríguez,0.141550585,Center Forward,Forward,0.099414379
Marco Asensio Willemsen,0.139304118,Center Forward,Forward,-0.109720201
Randal Kolo Muani,0.133009529,Center Forward,Forward,-0.21550534
André Miguel Valente Silva,0.1185891,Center Forward,Forward,-0.007495887
Haji Wright,0.118258002,Center Forward,Forward,-0.055796985
Saleh Khalid Al Shehri,0.114112408,Center Forward,Forward,-0.101763226
Steven Bergwijn,0.11338276,Right Center Forward,Forward,-0.032605091
Jonathan David,0.103901011,Center Forward,Forward,-0.034904205
Issam Jebali,0.101186691,Center Forward,Forward,0.068042985
Ajdin Hrustic,0.099641731,Right Center Forward,Forward,-0.015835677
Aleksandar Mitrović,0.099037889,Center Forward,Forward,-0.051731159
Michael Steveen Estrada Martínez,0.093870305,Center Forward,Forward,0.060405639
Michy Batshuayi Tunga,0.0799659,Center Forward,Forward,-0.071560323
Youssoufa Moukoko,0.079269202,Right Center Forward,Forward,0.079269202
Antoine Semenyo,0.068593299,Center Forward,Forward,-0.000340078
Henry Josué Martín Mex,0.064391687,Center Forward,Forward,0.066219525
Lucas Daniel Cavallini,0.060703766,Left Center Forward,Forward,0.048929711
Álvaro Borja Morata Martín,0.055865568,Center Forward,Forward,-0.130990549
Karim Ansarifard,0.055824934,Right Center Forward,Forward,0.006182652
Paulo Bruno Exequiel Dybala,0.053799578,Left Center Forward,Forward,0.001213822
Karol Świderski,0.049777626,Left Center Forward,Forward,0.047878672
Ayase Ueda,0.049719316,Right Center Forward,Forward,0.021179293
Luka Jović,0.044412907,Right Center Forward,Forward,0.022085439
Arkadiusz Milik,0.043954801,Right Center Forward,Forward,-0.036730151
Bruno Petković,0.043067745,Center Forward,Forward,-0.267188114
Ikoma Loïs Openda,0.041938364,Center Forward,Forward,-0.021371323
Youssef En-Nesyri,0.041508605,Center Forward,Forward,-0.014170637
Cristiano Ronaldo dos Santos Aveiro,0.027496512,Center Forward,Forward,-0.244928488
Martin Braithwaite Christensen,0.024767092,Center Forward,Forward,0.005187056
Jason Cummings,0.023585454,Center Forward,Forward,0.025348953
Ardon Jashari,0.011526495,Left Center Forward,Forward,0.020719959
Ahmed Alaa Eldin Abdelmotaal,0.008103862,Left Center Forward,Forward,
Djorkaeff Neicer Reasco González,0.007777123,Right Center Forward,Forward,0.007055374
Taha Yassine Khenissi,0.002014051,Center Forward,Forward,-0.037368728
Ante Budimir,0.000601307,Center Forward,Forward,-0.0129092
Mitchell Thomas Duke,0.000207475,Right Center Forward,Forward,-0.086020257
Haitham Mohammed Asiri,-0.000777928,Center Forward,Forward,-0.000777928
Luuk de Jong,-0.00300975,Left Center Forward,Forward,-0.042096171
Famara Diedhiou,-0.00338389,Center Forward,Forward,-0.062395527
Ui-Jo Hwang,-0.011413589,Center Forward,Forward,-0.030511177
Johan Alberto Venegas Ulloa,-0.011699786,Center Forward,Forward,-0.04817719
Anthony Daniel Contreras Enríquez,-0.011727969,Center Forward,Forward,-0.132288826
Dušan Vlahović,-0.019834696,Right Center Forward,Forward,-0.027686203
Maximiliano Gómez González,-0.027912637,Left Center Forward,Forward,-0.027501166
Daizen Maeda,-0.030199471,Center Forward,Forward,-0.066082114
Krzysztof Piątek,-0.036507018,Left Center Forward,Forward,-0.032951877
Wout Weghorst,-0.041784893,Right Center Forward,Forward,-0.003241218
Jamie MacLaren,-0.043915996,Left Center Forward,Forward,-0.106646646
Mohammed Muntari,-0.05791429,Right Center Forward,Forward,-0.037204509
Pedro Guilherme Abreu dos Santos,-0.062943989,Center Forward,Forward,0.002242494
Gue-Sung Cho,-0.065177074,Center Forward,Forward,-0.049301607
Almoez Ali Zainalabiddin Abdulla,-0.079366627,Right Center Forward,Forward,-0.117886947
Joshua Sargent,-0.083252709,Center Forward,Forward,-0.183876218
Cheikh Ahmadou Bamba Mbacke Dieng,-0.087404793,Center Forward,Forward,-0.102143503
Romelu Lukaku Menama,-0.091276458,Center Forward,Forward,-0.111506739
Vincent Janssen,-0.102413102,Right Center Forward,Forward,-0.086851732
Jesus Ferreira,-0.102899182,Center Forward,Forward,-0.107902371
Boulaye Dia,-0.137463021,Center Forward,Forward,-0.280905435
Kieffer Roberto Francisco Moore,-0.216592687,Left Center Forward,Forward,-0.116433636
Andreas Evald Cornelius,-0.368443298,Center Forward,Forward,-0.261135391
Wojciech Szczęsny,0.793026912,Goalkeeper,Goalkeeper,0.801699111
Hugo Lloris,0.73771476,Goalkeeper,Goalkeeper,0.736539069
Mathew Ryan,0.573560015,Goalkeeper,Goalkeeper,0.569010791
Vanja Milinković Savić,0.562346728,Goalkeeper,Goalkeeper,0.550424361
Yassine Bounou,0.558045174,Goalkeeper,Goalkeeper,0.540188942
Dominik Livaković,0.549556381,Goalkeeper,Goalkeeper,0.558273173
Kasper Schmeichel,0.48840771,Goalkeeper,Goalkeeper,0.477158565
Jordan Pickford,0.450234169,Goalkeeper,Goalkeeper,0.443386003
Damián Emiliano Martínez,0.407618702,Goalkeeper,Goalkeeper,0.41919357
Devis Rogers Epassy Mboka,0.393130741,Goalkeeper,Goalkeeper,0.393481665
Shūichi Gonda,0.380490417,Goalkeeper,Goalkeeper,0.381232424
Matthew Charles Turner,0.342247561,Goalkeeper,Goalkeeper,0.349745489
Andries Noppert,0.323127015,Goalkeeper,Goalkeeper,0.326691803
Danny Ward,0.294045913,Goalkeeper,Goalkeeper,0.294270665
Edouard Mendy,0.284672656,Goalkeeper,Goalkeeper,0.28136487
Seung-Gyu Kim,0.27396801,Goalkeeper,Goalkeeper,0.268279104
Keylor Navas Gamboa,0.265509866,Goalkeeper,Goalkeeper,0.259933189
Diogo Meireles Costa,0.254928593,Goalkeeper,Goalkeeper,0.266258574
Mohammed Khalil Al Owais,0.245178575,Goalkeeper,Goalkeeper,0.247562975
Sergio Rochet Álvarez,0.244825711,Goalkeeper,Goalkeeper,0.246692913
Hernán Ismael Galíndez,0.214633288,Goalkeeper,Goalkeeper,0.220701818
Aymen Dahmen,0.21396561,Goalkeeper,Goalkeeper,0.216629111
Wayne Hennessey,0.196162161,Goalkeeper,Goalkeeper,0.198811228
Lawrence Ati-Zigi,0.177614379,Goalkeeper,Goalkeeper,0.180969373
Milan Borjan,0.176331029,Goalkeeper,Goalkeeper,0.178925685
Alireza Safar Beiranvand,0.172688495,Goalkeeper,Goalkeeper,0.170027542
Manuel Neuer,0.136771207,Goalkeeper,Goalkeeper,0.1372904
André Onana,0.123955672,Goalkeeper,Goalkeeper,0.093862599
Thibaut Courtois,0.117168045,Goalkeeper,Goalkeeper,0.124206914
Francisco Guillermo Ochoa Magaña,0.110697546,Goalkeeper,Goalkeeper,0.11219201
Ederson Santana de Moraes,0.09248758,Goalkeeper,Goalkeeper,0.098034735
Seyed Hossein Hosseini,0.068715341,Goalkeeper,Goalkeeper,0.073297135
Unai Simón Mendibil,0.056066657,Goalkeeper,Goalkeeper,0.058716653
Weverton Pereira da Silva,0.052611469,Goalkeeper,Goalkeeper,0.052611469
Meshaal Aissa Barsham,0.050079962,Goalkeeper,Goalkeeper,0.048560499
Alisson Ramsés Becker,0.049130533,Goalkeeper,Goalkeeper,0.046664032
Munir Mohand Mohamedi,0.046579254,Goalkeeper,Goalkeeper,0.047224913
Yann Sommer,0.044345786,Goalkeeper,Goalkeeper,0.049117945
Saad Abdullah Al Sheeb,0.015055419,Goalkeeper,Goalkeeper,0.015197113
Steve Mandanda,0.006080908,Goalkeeper,Goalkeeper,0.007815178
Gregor Kobel,-0.002519945,Goalkeeper,Goalkeeper,-0.003846465
Luka Modrić,3.440585089,Right Center Midfield,Midfield,2.462110081
Antoine Griezmann,2.950074669,Center Attacking Midfield,Midfield,2.397431257
Mateo Kovačić,2.170390075,Left Center Midfield,Midfield,0.897114716
Joshua Kimmich,2.030442816,Right Defensive Midfield,Midfield,1.8084711
Aurélien Djani Tchouaméni,1.916213198,Right Defensive Midfield,Midfield,1.495792129
Enzo Fernandez,1.90531513,Center Defensive Midfield,Midfield,1.220016847
Pedro González López,1.642801012,Left Center Midfield,Midfield,1.124692393
Ángel Fabián Di María Hernández,1.635754114,Right Midfield,Midfield,0.301950974
Rodrigo Javier De Paul,1.548227026,Right Center Midfield,Midfield,0.744364085
Neymar da Silva Santos Junior,1.500643778,Center Attacking Midfield,Midfield,0.697367816
Piotr Zieliński,1.313964731,Right Center Midfield,Midfield,1.068296747
Azzedine Ounahi,1.265141278,Right Center Midfield,Midfield,0.465121974
Weston McKennie,1.196068719,Right Center Midfield,Midfield,0.857289257
Luis Gerardo Chávez Magallón,1.179425025,Left Center Midfield,Midfield,0.964496846
Dušan Tadić,1.169007614,Right Attacking Midfield,Midfield,0.719999248
Federico Santiago Valverde Dipetta,1.140377328,Right Defensive Midfield,Midfield,0.830565756
Sofyan Amrabat,1.09219476,Center Defensive Midfield,Midfield,0.700627677
In-Beom Hwang,1.08200972,Left Defensive Midfield,Midfield,0.929086456
Yunus Dimoara Musah,1.062255772,Left Center Midfield,Midfield,0.218802418
Leandro Daniel Paredes,1.012358858,Left Defensive Midfield,Midfield,0.868358535
Marcelo Brozović,0.999426415,Center Defensive Midfield,Midfield,0.591630746
Christian Dannemann Eriksen,0.977132739,Left Center Midfield,Midfield,0.859999064
Granit Xhaka,0.976703355,Left Defensive Midfield,Midfield,0.650163136
David Junior Hoilett,0.957397166,Center Attacking Midfield,Midfield,0.578582379
Pierre-Emile Højbjerg,0.932161454,Right Defensive Midfield,Midfield,0.801617738
Woo-Young Jung,0.927804857,Right Defensive Midfield,Midfield,0.849425585
Frenkie de Jong,0.9198191,Left Defensive Midfield,Midfield,0.371174993
Wataru Endo,0.911535832,Right Defensive Midfield,Midfield,0.662918371
Steven Berghuis,0.900632156,Center Attacking Midfield,Midfield,0.627146612
Bernardo Mota Veiga de Carvalho e Silva,0.886090676,Right Center Midfield,Midfield,0.212523039
Mohammed Kanoo,0.880907827,Right Defensive Midfield,Midfield,0.602555543
Hassan Khalid Al Heidos,0.853782502,Left Center Midfield,Midfield,0.678873555
Jude Bellingham,0.847727682,Left Center Midfield,Midfield,0.346755661
İlkay Gündoğan,0.839236227,Left Defensive Midfield,Midfield,0.663692857
Aaron Mooy,0.808030486,Left Defensive Midfield,Midfield,0.70660948
Thomas Teye Partey,0.782510183,Right Defensive Midfield,Midfield,0.554119387
Otávio Edmilson da Silva Monteiro,0.776349271,Left Center Midfield,Midfield,0.524468237
Rúben Diogo Da Silva Neves,0.77477834,Center Defensive Midfield,Midfield,0.595664402
Rodrigo Bentancur Colmán,0.773920556,Center Defensive Midfield,Midfield,0.437299048
Carlos Henrique Casimiro,0.770584409,Left Defensive Midfield,Midfield,0.580015901
Tyler Adams,0.748683051,Center Defensive Midfield,Midfield,0.658612199
Saeid Ezatolahi Afagh,0.728115774,Left Defensive Midfield,Midfield,0.633558222
Stephen Antunes Eustáquio,0.7180526,Left Defensive Midfield,Midfield,0.650758286
Kang-In Lee,0.70705439,Left Center Midfield,Midfield,0.560697856
Sergio Busquets i Burgos,0.680032566,Center Defensive Midfield,Midfield,0.522608896
Gonzalo Jordy Plata Jiménez,0.677488539,Right Midfield,Midfield,0.319976791
Adrien Rabiot,0.664261201,Left Defensive Midfield,Midfield,0.327565695
Jordan Brian Henderson,0.650281732,Right Center Midfield,Midfield,0.535386124
Jakub Kamiński,0.644399202,Right Midfield,Midfield,0.495880992
Declan Rice,0.612792036,Center Defensive Midfield,Midfield,0.415406403
Saša Lukić,0.603757305,Right Defensive Midfield,Midfield,0.301519942
Mehdi Taremi,0.602984833,Center Attacking Midfield,Midfield,-0.023990786
Giorgian Daniel De Arrascaeta Benedetti,0.5786586,Left Midfield,Midfield,0.522515006
Harry Wilson,0.571539573,Left Center Midfield,Midfield,0.574148567
Vitor Machado Ferreira,0.55816774,Left Center Midfield,Midfield,0.38905325
Aïssa Bilal Laïdouni,0.542798153,Left Defensive Midfield,Midfield,0.323929834
Sergej Milinković-Savić,0.542316345,Left Attacking Midfield,Midfield,0.363815618
Mason Mount,0.528996475,Center Attacking Midfield,Midfield,0.286937684
Ellyes Joris Skhiri,0.525763181,Right Defensive Midfield,Midfield,0.433121423
Ethan Ampadu,0.522287563,Center Defensive Midfield,Midfield,0.396436013
Antony Matheus dos Santos,0.520903339,Right Midfield,Midfield,-0.063907009
Mathias Jensen,0.515123418,Right Center Midfield,Midfield,0.483117005
Hidemasa Morita,0.503691647,Left Defensive Midfield,Midfield,0.279288635
Jackson Irvine,0.492003215,Right Defensive Midfield,Midfield,0.278975216
Teun Koopmeiners,0.475479438,Right Defensive Midfield,Midfield,0.292541347
Pape Matar Sarr,0.473876824,Center Attacking Midfield,Midfield,0.491558767
Rodrygo Silva de Goes,0.472588691,Center Attacking Midfield,Midfield,-0.276755155
Grzegorz Krychowiak,0.466537663,Center Defensive Midfield,Midfield,0.360030038
Mathew Leckie,0.450483122,Right Midfield,Midfield,0.062594602
Ehsan Hajsafi,0.450395503,Left Midfield,Midfield,0.278476149
Pierre Kunde Malong,0.44988654,Right Defensive Midfield,Midfield,0.3791186
Enner Remberto Valencia Lastra,0.442738221,Left Attacking Midfield,Midfield,0.061346543
André-Frank Zambo Anguissa,0.437714576,Right Center Midfield,Midfield,0.296606583
Mario Götze,0.42726087,Right Center Midfield,Midfield,0.258701981
Lucas Tolentino Coelho de Lima,0.410008976,Right Defensive Midfield,Midfield,0.360497074
Youssouf Fofana,0.399594312,Right Center Midfield,Midfield,0.185353327
Atiba Hutchinson,0.396481846,Right Defensive Midfield,Midfield,0.306129168
Krystian Bielik,0.395792636,Right Defensive Midfield,Midfield,0.319325533
Bruno Guimarães Rodriguez Moura,0.391726126,Right Defensive Midfield,Midfield,0.199110255
Jeremy Leonel Sarmiento Morante,0.380916228,Left Midfield,Midfield,0.074233976
Nampalys Mendy,0.379009915,Left Defensive Midfield,Midfield,0.191186009
Mohammed Kudus,0.363967818,Left Center Midfield,Midfield,-0.004612177
Celso Borges Mora,0.359097247,Right Defensive Midfield,Midfield,0.307001023
Ali Gholizadeh,0.358355596,Right Midfield,Midfield,0.247375522
Craig Goodwin,0.356238912,Left Midfield,Midfield,0.228217675
Edson Omar Álvarez Velázquez,0.35512067,Center Defensive Midfield,Midfield,0.186399666
Facundo Pellistri Rebollo,0.338585464,Right Midfield,Midfield,0.023685028
Axel Witsel,0.335668689,Left Defensive Midfield,Midfield,0.183257424
Éverton Augusto de Barros Ribeiro,0.334647813,Center Attacking Midfield,Midfield,0.0531758
Jun-Ho Son,0.325417429,Center Defensive Midfield,Midfield,0.321037177
Frederico Rodrigues Santos,0.324701477,Right Defensive Midfield,Midfield,0.258083366
Ahmad Nourollahi,0.318282812,Right Defensive Midfield,Midfield,0.104077849
Brenden Aaronson,0.291705284,Right Center Midfield,Midfield,0.003193006
Alexis Mac Allister,0.290403696,Left Center Midfield,Midfield,0.006079877
Nicolas Moumi Ngamaleu,0.288320662,Left Midfield,Midfield,0.192819869
Selim Amallah,0.28136786,Left Center Midfield,Midfield,0.134472703
Riley McGree,0.280437763,Left Center Midfield,Midfield,0.19389689
Remo Freuler,0.279423844,Right Defensive Midfield,Midfield,0.110428424
Sami Khalil Al Naji,0.276967893,Center Attacking Midfield,Midfield,0.197350175
Nemanja Maksimović,0.273707803,Right Defensive Midfield,Midfield,0.169644987
Hee-Chan Hwang,0.268248933,Right Midfield,Midfield,-0.183182369
Djibril Sow,0.265193135,Center Attacking Midfield,Midfield,0.044887401
Karim Boudiaf,0.261632087,Center Defensive Midfield,Midfield,0.187519552
Matías Vecino Falero,0.245834083,Left Defensive Midfield,Midfield,0.225217725
Mehdi Torabi,0.24140203,Right Midfield,Midfield,0.203036652
Carlos Soler Barragán,0.238981808,Left Center Midfield,Midfield,0.109019316
Salis Abdul Samed,0.236393999,Left Defensive Midfield,Midfield,0.119446281
Nawaf Shaker Al Abid,0.232997146,Center Attacking Midfield,Midfield,0.112738557
Pathé Ismaël Ciss,0.230633197,Right Defensive Midfield,Midfield,0.10583588
William Silva de Carvalho,0.228271861,Left Center Midfield,Midfield,0.228048309
Martin Hongla Yma II,0.225479065,Left Center Midfield,Midfield,0.167217193
Héctor Miguel Herrera López,0.224652114,Right Center Midfield,Midfield,0.160164419
Brennan Johnson,0.221939971,Right Midfield,Midfield,0.073277573
Eden Hazard,0.219452531,Center Attacking Midfield,Midfield,-0.059417962
Assim Omer Al Haj Madibo,0.218146687,Center Defensive Midfield,Midfield,0.172054961
Idrissa Gana Gueye,0.209914915,Center Attacking Midfield,Midfield,0.107185683
Diego Nicolás De La Cruz Arcosa,0.206732085,Left Midfield,Midfield,0.12919819
Guido Rodríguez,0.204973825,Left Defensive Midfield,Midfield,0.16588931
Anis Ben Slimane,0.204225836,Right Attacking Midfield,Midfield,0.157593933
Marko Grujić,0.202784302,Right Center Midfield,Midfield,0.116512409
Fábio Henrique Tavares,0.201049934,Left Defensive Midfield,Midfield,0.13881804
Leon Goretzka,0.195012908,Left Defensive Midfield,Midfield,0.141109651
Jhegson Sebastián Méndez Carabalí,0.191038891,Right Defensive Midfield,Midfield,0.152808174
Samuel Yves Oum Gwet,0.18983008,Center Defensive Midfield,Midfield,0.183161529
Youri Tielemans,0.188136996,Right Defensive Midfield,Midfield,0.138405636
Moisés Isaac Caicedo Corozo,0.186007612,Left Defensive Midfield,Midfield,0.042860313
Liam Millar,0.181352564,Left Midfield,Midfield,0.040245038
Lovro Majer,0.180145326,Right Defensive Midfield,Midfield,0.104014755
Dries Mertens,0.177543487,Center Attacking Midfield,Midfield,0.070037385
Ali Karimi,0.173200847,Right Defensive Midfield,Midfield,0.107381629
Jules Olivier Ntcham,0.168354889,Right Defensive Midfield,Midfield,0.087234298
Davy Klaassen,0.165751585,Center Attacking Midfield,Midfield,0.079057285
Abdulelah Saad Hameed Al-Malki,0.165695959,Left Defensive Midfield,Midfield,0.162704188
Jerome Ngom Mbekeli,0.162304232,Right Midfield,Midfield,0.110002876
Carlos Alberto Rodríguez Gómez,0.158513949,Right Center Midfield,Midfield,0.080554908
Exequiel Alejandro Palacios,0.152421968,Right Center Midfield,Midfield,0.095831895
Daniel-Kofi Kyereh,0.150331555,Left Defensive Midfield,Midfield,0.078753852
Abdelhamid Sabiri,0.147144902,Left Center Midfield,Midfield,0.102221648
Keanu Baccus,0.14456424,Right Defensive Midfield,Midfield,0.045499486
Vincent Paté Aboubakar,0.142630486,Center Attacking Midfield,Midfield,-0.02056446
Nemanja Gudelj,0.142594898,Left Defensive Midfield,Midfield,0.110601874
Yuki Soma,0.14008063,Left Midfield,Midfield,-0.01851531
Pape Gueye,0.137581826,Left Defensive Midfield,Midfield,0.080624747
Alireza Jahanbakhsh,0.136534324,Right Midfield,Midfield,0.032322982
Yeltsin Ignacio Tejeda Valverde,0.132530197,Left Defensive Midfield,Midfield,0.118655822
Ao Tanaka,0.127907005,Left Defensive Midfield,Midfield,0.083793842
Ferjani Sassi,0.121398888,Right Defensive Midfield,Midfield,0.109152093
Romario Andrés Ibarra Mina,0.121191553,Left Midfield,Midfield,-0.040050886
Mohamed Ali Ben Romdhane,0.120768462,Left Attacking Midfield,Midfield,-0.005424408
Sebastian Szymański,0.113894237,Left Center Midfield,Midfield,0.08801698
Sorba Thomas,0.101373815,Left Midfield,Midfield,0.075944071
Alejandro Darío Gómez,0.1005265,Left Midfield,Midfield,-0.07507556
Denis Lemi Zakaria Lako Lado,0.099782622,Right Defensive Midfield,Midfield,0.045551127
Thomas Müller,0.096991051,Center Attacking Midfield,Midfield,0.008508841
Ismael Koné,0.090054995,Right Defensive Midfield,Midfield,0.138047913
Ali Assadalla Thaimn Qambar,0.086612709,Left Center Midfield,Midfield,-0.065593733
Seung-Ho Paik,0.086124228,Right Center Midfield,Midfield,0.049413646
Kellyn Kai Perry-Acosta,0.081557724,Left Center Midfield,Midfield,0.010314459
Carlos Armando Gruezo Arboleda,0.075126148,Center Defensive Midfield,Midfield,0.05344736
Jonathan Osorio,0.070991684,Right Defensive Midfield,Midfield,-0.044253056
Thomas Delaney,0.067131595,Center Defensive Midfield,Midfield,0.050137362
Kalvin Phillips,0.066305805,Center Defensive Midfield,Midfield,0.060462214
Abdulaziz Hatem Mohammed Abdullah,0.060926021,Right Center Midfield,Midfield,0.018226986
Ilias Chair,0.059684678,Right Center Midfield,Midfield,0.024013359
Orbelín Pineda Alvarado,0.055050151,Center Attacking Midfield,Midfield,0.029597989
Awer Mabil,0.053476048,Left Midfield,Midfield,-0.036606215
Ivan Ilić,0.048935029,Right Defensive Midfield,Midfield,0.034659394
João Maria Lobo Alves Palhinha Gonçalves,0.042889631,Center Defensive Midfield,Midfield,0.037899301
Pablo Martín Páez Gavira,0.040524317,Right Center Midfield,Midfield,-0.197319389
Gaël Ondoua,0.039490721,Right Defensive Midfield,Midfield,0.045689198
Bilal El Khannous,0.037017239,Right Center Midfield,Midfield,0.047275754
Nicola Zalewski,0.036736381,Left Midfield,Midfield,-0.018118928
Érick Gabriel Gutiérrez Galaviz,0.036260945,Left Defensive Midfield,Midfield,-0.007037417
Ali Al Hassan,0.028775619,Right Defensive Midfield,Midfield,-0.003315332
Jorge Resurrección Merodio,0.023843189,Center Defensive Midfield,Midfield,-0.000231126
Nasser Al Dawsari,0.023500279,Left Defensive Midfield,Midfield,8.35E-05
Cheikhou Kouyaté,0.021526414,Right Defensive Midfield,Midfield,-0.013798445
Aaron Ramsey,0.021002386,Right Center Midfield,Midfield,-0.017387762
Damian Szymański,0.015999257,Right Defensive Midfield,Midfield,0.01351059
Noa Lang,0.015929984,Left Midfield,Midfield,
Rubin Colwill,0.014667674,Right Defensive Midfield,Midfield,0.014667674
Matheus Luiz Nunes,0.013756985,Right Center Midfield,Midfield,-0.101080929
Kenneth Taylor,0.013213159,Left Defensive Midfield,Midfield,0.024423079
Woo-Yeong Jeong,0.013068802,Center Attacking Midfield,Midfield,-0.022839871
Agustín Canobbio Graviz,0.01104084,Right Midfield,Midfield,0.01613332
Ghilane Chalali,0.010819252,Right Attacking Midfield,Midfield,0.008585034
Alan Steven Franco Palma,0.007348914,Left Defensive Midfield,Midfield,0.012760676
Marten de Roon,0.006627218,Right Defensive Midfield,Midfield,0.011067509
Amadou Onana,0.004562941,Right Defensive Midfield,Midfield,-0.049988422
Ángel Martín Correa,0.002793528,Left Center Midfield,Midfield,-0.017398545
José Andrés Guardado Hernández,0.002352706,Left Center Midfield,Midfield,-0.002982446
Yahya Jabrane,0.000261994,Left Defensive Midfield,Midfield,0.000977283
Daniel Alonso Chacón Salas,0,Left Defensive Midfield,Midfield,0
Roan Roberto Wilson Gordon,-0.002113173,Left Defensive Midfield,Midfield,-0.008383462
José Adoni Cifuentes Charcopa,-0.006462463,Right Defensive Midfield,Midfield,-0.079828772
David Wotherspoon,-0.006491903,Left Midfield,Midfield,0.001892442
Michel Aebischer,-0.008431439,Center Attacking Midfield,Midfield,-0.008431439
Przemysław Frankowski,-0.008528138,Left Midfield,Midfield,0.007009187
Jae-Sung Lee,-0.008533603,Center Attacking Midfield,Midfield,-0.213053043
Jordan Veretout,-0.010619327,Left Center Midfield,Midfield,-0.013647095
Joseff Morrell,-0.016718563,Left Defensive Midfield,Midfield,-0.008699172
Fabian Frei,-0.017193372,Center Attacking Midfield,Midfield,-0.01709523
Riyadh Sharahili,-0.023434272,Right Defensive Midfield,Midfield,-0.028953344
Garang Kuol,-0.02784604,Right Midfield,Midfield,-0.003105967
Christian Nørgaard,-0.044264524,Center Defensive Midfield,Midfield,-0.029584554
Michał Skóraś,-0.064925195,Right Midfield,Midfield,-0.063081409
Salman Mohammed Al Faraj,-0.065166957,Right Center Midfield,Midfield,-0.064729759
Mark Anthony Kaye,-0.073124166,Left Defensive Midfield,Midfield,-0.101107954
Joe Allen,-0.096674319,Right Defensive Midfield,Midfield,-0.091139271
André Ayew Pelé,-0.101566249,Center Attacking Midfield,Midfield,-0.11383552
Kylian Mbappé Lottin,3.648945187,Left Wing,Wing,0.747701863
Raphael Dias Belloli,2.430282056,Right Wing,Wing,1.303859893
Kevin De Bruyne,2.18573762,Right Wing,Wing,1.578781225
Bruno Miguel Borges Fernandes,2.101741961,Right Wing,Wing,1.517645394
Ousmane Dembélé,1.942605775,Right Wing,Wing,0.895424135
Sofiane Boufal,1.91681858,Left Wing,Wing,0.834295667
Jamal Musiala,1.874133711,Left Wing,Wing,0.07908945
Christian Pulisic,1.814361817,Left Wing,Wing,0.814873305
Hakim Ziyech,1.746245073,Right Wing,Wing,1.068774847
Hirving Rodrigo Lozano Bahena,1.642070086,Right Wing,Wing,0.665725569
Vinícius José Paixão de Oliveira Júnior,1.534540184,Left Wing,Wing,0.246070783
Ivan Perišić,1.375607875,Left Wing,Wing,-0.063195793
Leroy Sané,1.269182026,Right Wing,Wing,0.997227066
Ismaïla Sarr,1.114425022,Left Wing,Wing,0.289449791
Xherdan Shaqiri,1.024847775,Right Wing,Wing,0.857976171
Ruben Vargas,0.981534726,Left Wing,Wing,0.255438648
Gabriel Teodoro Martinelli Silva,0.952197093,Left Wing,Wing,0.214530604
Serge Gnabry,0.906025752,Right Wing,Wing,0.429268233
Salem Mohammed Al Dawsari,0.881828973,Left Wing,Wing,0.318760575
Mislav Oršić,0.862664321,Left Wing,Wing,0.315704471
Heung-Min Son,0.774658192,Left Wing,Wing,-0.043307945
Thorgan Hazard,0.754362099,Left Wing,Wing,0.667417422
Mikkel Damsgaard,0.646607344,Left Wing,Wing,0.503848746
Rafael Alexandre Conceição Leão,0.579944905,Left Wing,Wing,0.123660836
Marcus Thuram,0.573950342,Left Wing,Wing,0.047026215
Jordan Ayew,0.551782424,Left Wing,Wing,0.372405737
Krépin Diatta,0.499985745,Right Wing,Wing,0.046101625
João Félix Sequeira,0.49864475,Left Wing,Wing,0.00482238
Yannick Ferreira Carrasco,0.476388455,Left Wing,Wing,-0.079151907
Bukayo Saka,0.46188109,Right Wing,Wing,-0.088666381
Naïm Sliti,0.455445869,Right Wing,Wing,0.173748464
Nikola Vlašić,0.451397702,Right Wing,Wing,0.146286624
Karl Brillant Toko Ekambi,0.426326859,Left Wing,Wing,0.189785393
Youssef Msakni,0.395728131,Left Wing,Wing,0.147965716
Philip Foden,0.392503088,Left Wing,Wing,0.207953013
Daniel Olmo Carvajal,0.359775732,Left Wing,Wing,-0.518641119
Ritsu Doan,0.354686263,Right Wing,Wing,0.221602163
Andreas Skov Olsen,0.349109831,Right Wing,Wing,-0.059199978
Jack Grealish,0.345082849,Left Wing,Wing,0.008108497
Abdessamad Ezzalzouli,0.336259379,Left Wing,Wing,0.019497395
Daichi Kamada,0.289769713,Left Wing,Wing,0.084907128
Jeremy Doku,0.278215209,Left Wing,Wing,-0.016119995
Ferrán Torres García,0.275120206,Right Wing,Wing,-0.219479789
Mario Pašalić,0.268512072,Right Wing,Wing,0.095485822
Marcus Rashford,0.250761218,Right Wing,Wing,-0.177091496
Ernesto Alexis Vega Rojas,0.243869416,Left Wing,Wing,0.235192769
Giovanni Reyna,0.238726151,Right Wing,Wing,0.003020813
Jesper Lindstrøm,0.230021163,Right Wing,Wing,-0.158263144
Kamil Grosicki,0.226170175,Left Wing,Wing,0.160896607
Jewison Bennette,0.19637155,Right Wing,Wing,-0.000902316
Timothy Weah,0.194112642,Right Wing,Wing,-0.072738558
Kamaldeen Sulemana,0.185511082,Left Wing,Wing,-0.001658154
Sang-Ho Na,0.183832898,Right Wing,Wing,0.072568586
Carlos Uriel Antuna Romero,0.181659217,Right Wing,Wing,0.014486227
Nicholas Williams Arthuer,0.178650089,Right Wing,Wing,-0.112665965
Zakaria Aboukhlal,0.152089686,Left Wing,Wing,0.044654202
Anass Zaroury,0.138376097,Left Wing,Wing,0.056097596
Christian Fassnacht,0.120172768,Left Wing,Wing,-0.041035953
Christian Mougang Bassogog,0.105967045,Right Wing,Wing,-0.082019861
Takefusa Kubo,0.105772546,Right Wing,Wing,-0.000703024
Bryan Mbeumo,0.101784741,Right Wing,Wing,-0.070899598
Iliman Ndiaye,0.100794883,Right Wing,Wing,-0.123981038
Kingsley Coman,0.087168912,Right Wing,Wing,-0.220438912
Takumi Minamino,0.084653514,Left Wing,Wing,0.054498018
Brandon Aguilera Zamora,0.048211622,Left Wing,Wing,-0.004051669
Roberto Carlos Alvarado Hernández,0.044887843,Left Wing,Wing,-0.006414459
Georges-Kévin Nkoudou Mbida,0.041659756,Left Wing,Wing,-0.116374724
Daniel James,0.037856989,Left Wing,Wing,-0.026313462
Osman Bukari,0.036386171,Right Wing,Wing,-0.02744542
Raheem Sterling,0.033001054,Left Wing,Wing,-0.07203175
Hattan Babhir,0.032257801,Right Wing,Wing,0.032759478
Firas Tariq Nasser Al Albirakan,0.0318575,Right Wing,Wing,-0.225919424
Chang-Hoon Kwon,0.026188616,Right Wing,Wing,0.013069257
Renato Steffen,0.019780865,Right Wing,Wing,-1.43E-06
Abdulrahman Al-Obood,0.017653985,Right Wing,Wing,-0.000454656
Pablo Sarabia García,0.017525411,Right Wing,Wing,0.013562941
Charles De Ketelaere,0.01599362,Right Wing,Wing,-0.001737354
Thiago Ezequiel Almada,0.005272028,Left Wing,Wing,-0.013502832
Saman Ghoddos,0.003437153,Left Wing,Wing,0.002210463
Nicolas Jackson,0.000784169,Right Wing,Wing,-0.009766186
Alvaro José Zamora Mata,-0.003741818,Right Wing,Wing,-0.018985613
Abdul Fatawu Issahaku,-0.004158572,Right Wing,Wing,
Jonas Hofmann,-0.005889638,Right Wing,Wing,0.03731792
Bryan Ruiz González,-0.008906354,Left Wing,Wing,-0.018079681
Noah Okafor,-0.018191616,Right Wing,Wing,-0.139556983
Mattéo Guendouzi Olié,-0.024165484,Left Wing,Wing,-0.032966034
Hannibal Mejbri,-0.029173885,Right Wing,Wing,-0.029173885
Fabian Rieder,-0.032663696,Right Wing,Wing,-0.093400956
Jordan Morris,-0.052245044,Right Wing,Wing,-0.028705639
João Mário Naval da Costa Eduardo,-0.064488879,Left Wing,Wing,-0.140760395
Gerson Torres Barrantes,-0.064629018,Right Wing,Wing,-0.078000418
Andrej Kramarić,-0.083507329,Right Wing,Wing,-0.430284165
Ricardo Jorge Luz Horta,-0.122489388,Right Wing,Wing,-0.206475049
Anssumane Fati,-0.244203933,Left Wing,Wing,-0.261319854
,,,,